{
  "provincia": "Buenos Aires",
  "total_localidades": 840,
  "localidades": [
    "11 de Septiembre",
    "12 de Octubre",
    "16 de Julio",
    "17 de Agosto",
    "20 de Junio",
    "25 de Mayo",
    "30 de Agosto",
    "9 de Abril",
    "9 de Julio",
    "Abasto",
    "Abbott",
    "Acasusso",
    "Acevedo",
    "Adolfo Gonzales Chaves",
    "Adrogué",
    "Aeropuerto Internacional Ezeiza",
    "Aguas Verdes",
    "Agustina",
    "Agustín Mosconi",
    "Agustín Roca",
    "Alberdi Viejo",
    "Alberti",
    "Aldo Bonzi",
    "Alejandro Korn",
    "Alejandro Petión",
    "Alfredo Demarchi",
    "Almirante Brown",
    "Altamirano",
    "Alvarez Jonte",
    "América",
    "Andant",
    "Antonio Carboni",
    "Aparicio",
    "Arana",
    "Arboledas",
    "Arenas Verdes",
    "Arenaza",
    "Argerich",
    "Ariel",
    "Arrecifes",
    "Arribeños",
    "Arroyo Corto",
    "Arroyo Dulce",
    "Arroyo Venado",
    "Arroyo de la Cruz",
    "Arturo Seguí",
    "Ascensión",
    "Atalaya",
    "Atlántida",
    "Avellaneda",
    "Ayacucho",
    "Azcuénaga",
    "Azopardo",
    "Azul",
    "Bahía Blanca",
    "Bahía San Blas",
    "Baigorrita",
    "Bajo Hondo",
    "Balcarce",
    "Balneario Laguna de Gómez",
    "Balneario Orense",
    "Balneario Pehuen Co",
    "Balneario San Cayetano",
    "Balneario Sauce Grande",
    "Banderaló",
    "Banfield",
    "Baradero",
    "Barker",
    "Barrio América Unida",
    "Barrio Banco Provincia",
    "Barrio Colinas Verdes",
    "Barrio El Carmen Este",
    "Barrio El Carmen Oeste",
    "Barrio El Casal",
    "Barrio El Coyunco",
    "Barrio El Taladro",
    "Barrio Gambier",
    "Barrio Kennedy",
    "Barrio La Gloria",
    "Barrio Las Casuarinas",
    "Barrio Las Golondrinas",
    "Barrio Las Malvinas",
    "Barrio Las Margaritas",
    "Barrio Las Quintas",
    "Barrio Lisandro de la Torre y Santa Marta",
    "Barrio Los Bosquecitos",
    "Barrio Los Pioneros (Barrio Tavella)",
    "Barrio Morabo",
    "Barrio Parque General San Martín",
    "Barrio Parque Las Acacias",
    "Barrio Ruta 24 Kilómetro 10",
    "Barrio Río Salado",
    "Barrio Saavedra",
    "Barrio San Cayetano",
    "Barrio Santa Paula",
    "Barrio Universitario",
    "Batán",
    "Bayauca",
    "Bella Vista",
    "Bellocq",
    "Belén de Escobar",
    "Benavídez",
    "Benito Juárez",
    "Berazategui",
    "Berazategui Oeste",
    "Berdier",
    "Berisso",
    "Bermúdez",
    "Bernal",
    "Bernal Oeste",
    "Berutti",
    "Billinghurst",
    "Blaquier",
    "Bocayuva",
    "Bordenave",
    "Bosques",
    "Boulogne Sur Mer",
    "Bragado",
    "Burzaco",
    "Béccar",
    "Cabildo",
    "Cacharí",
    "Cadret",
    "Camet",
    "Camet Norte",
    "Campo de Mayo",
    "Campos Salles",
    "Canning",
    "Capitán Castro",
    "Capitán Sarmiento",
    "Carapachay",
    "Cardenal Cagliero",
    "Carhué",
    "Cariló",
    "Carlos Beguerie",
    "Carlos Casares",
    "Carlos Keen",
    "Carlos María Naón",
    "Carlos Salas",
    "Carlos Spegazzini",
    "Carlos Tejedor",
    "Carlos Tomás Sourigues",
    "Carmen de Areco",
    "Carmen de Patagones",
    "Casalins",
    "Casbas",
    "Cascada",
    "Caseros",
    "Castelar",
    "Castelli",
    "Castilla",
    "Cazón",
    "Cañada Seca",
    "Cañuelas",
    "Centro Guerrero",
    "Cerro de la Gloria",
    "Chacabuco",
    "Chapadmalal",
    "Chascomús",
    "Chasicó",
    "Chillar",
    "Chivilcoy",
    "Churruca",
    "City Bell",
    "Ciudad Evita",
    "Ciudad Jardín El Libertador",
    "Ciudad Jardín Lomas del Palomar",
    "Ciudad del Libertador General San Martín",
    "Ciudadela",
    "Claraz",
    "Claromecó",
    "Claypole",
    "Colonia Hinojo",
    "Colonia Mauricio",
    "Colonia San Martín",
    "Colonia San Miguel",
    "Colonia San Miguel Arcángel",
    "Colonia San Ricardo",
    "Colonia Seré",
    "Colón",
    "Comandante Nicanor Otamendi",
    "Comodoro Py",
    "Conesa",
    "Copetonas",
    "Coronel Boerr",
    "Coronel Brandsen",
    "Coronel Charlone",
    "Coronel Dorrego",
    "Coronel Martínez de Hoz",
    "Coronel Pringles",
    "Coronel Seguí",
    "Coronel Suárez",
    "Coronel Vidal",
    "Cortines",
    "Costa Bonita",
    "Country Club Bosque Real",
    "Country Club Las Praderas",
    "Crotto",
    "Crucesita",
    "Cuartel V",
    "Cucullú",
    "Curamalal",
    "Curarú",
    "D'Orbigny",
    "Daireaux",
    "Darregueira",
    "De Bary",
    "De La Garma",
    "De la Canal",
    "Del Carril",
    "Del Valle",
    "Del Viso",
    "Delfín Huergo",
    "Dique Luján",
    "Dique N° 1",
    "Dock Sud",
    "Dolores",
    "Domselaar",
    "Don Bosco",
    "Don Orione",
    "Don Torcuato Este",
    "Don Torcuato Oeste",
    "Dudignac",
    "Dufaur",
    "Duggan",
    "Dunamar",
    "El Cazador",
    "El Divisorio",
    "El Dorado",
    "El Jagüel",
    "El Libertador",
    "El Marquesado",
    "El Palomar",
    "El Paraíso",
    "El Pato",
    "El Pensamiento",
    "El Perdido",
    "El Remanso",
    "El Retiro",
    "El Talar",
    "El Trigo",
    "El Triunfo",
    "El Tropezón",
    "Elvira",
    "Emilio Ayarza",
    "Emilio V. Bunge",
    "Ensenada",
    "Erezcano",
    "Ernestina",
    "Escalada",
    "Escobar",
    "Espartillar",
    "Espigas",
    "Estación Arenales",
    "Estación Camet",
    "Estación Chapadmalal",
    "Estanislao Severo Zeballos",
    "Esteban Agustín Gascón",
    "Esteban Echeverría",
    "Estela",
    "Ezeiza",
    "Ezpeleta",
    "Ezpeleta Oeste",
    "Faro",
    "Felipe Solá",
    "Ferré",
    "Florencio Varela",
    "Florentino Ameghino",
    "Florida",
    "Florida Oeste",
    "Fontezuela",
    "Fortín Acha",
    "Fortín Olavarría",
    "Fortín Tiburcio",
    "Francisco Madero",
    "Francisco Álvarez",
    "Franklin",
    "Frente Mar",
    "Fátima",
    "Gahan",
    "Gardey",
    "Garré",
    "Garín",
    "General Alvear",
    "General Arenales",
    "General Belgrano",
    "General Conesa",
    "General Daniel Cerri",
    "General Guido",
    "General Hornos",
    "General Juan Madariaga",
    "General La Madrid",
    "General Las Heras",
    "General Lavalle",
    "General Mansilla",
    "General O'Brien",
    "General Pacheco",
    "General Pinto",
    "General Pirán",
    "General Rivas",
    "General Rodríguez",
    "General Rojo",
    "General San Martín",
    "General Villegas",
    "Gerli",
    "Germania",
    "Girodias",
    "Glew",
    "Gobernador Castro",
    "Gobernador Julio A. Costa",
    "Gobernador Udaondo",
    "Gobernador Ugarte",
    "González Catán",
    "González Moreno",
    "Gorchs",
    "Gorostiaga",
    "Gowland",
    "Goyena",
    "Grand Bourg",
    "Gregorio de Laferrere",
    "Grünbein",
    "Guaminí",
    "Guernica",
    "Guerrico",
    "Guillermo Enrique Hudson",
    "Gómez",
    "Haedo",
    "Hale",
    "Henderson",
    "Herrera Vegas",
    "Hilario Ascasubi",
    "Hinojo",
    "Hortensia",
    "Huanguelén",
    "Hurlingham",
    "Indio Rico",
    "Ingeniero Adolfo Sourdeaux",
    "Ingeniero Juan Allan",
    "Ingeniero Maschwitz",
    "Ingeniero Pablo Nogués",
    "Ingeniero Thompson",
    "Ingeniero White",
    "Inés Indart",
    "Irala",
    "Irene",
    "Irineo Portela",
    "Isidro Casanova",
    "Isla Santiago",
    "Ituzaingó",
    "Ituzaingó Centro",
    "Ituzaingó Sur",
    "Jeppener",
    "Joaquín Gorina",
    "Jorge Born",
    "José B. Casas",
    "José C. Paz",
    "José Hernández",
    "José Ingenieros",
    "José Juan Almeyra",
    "José María Ezeiza",
    "José Melchor Romero",
    "José Mármol",
    "Juan A. Pradere",
    "Juan A. de la Peña",
    "Juan Anchorena",
    "Juan Bautista Alberdi",
    "Juan Cousté",
    "Juan E. Barra",
    "Juan F. Ibarra",
    "Juan F. Salaberry",
    "Juan José Paso",
    "Juan María Gutiérrez",
    "Juan N. Fernández",
    "Junín",
    "La Angelita",
    "La Armonía",
    "La Aurora",
    "La Baliza",
    "La Beba",
    "La Caleta",
    "La Capilla",
    "La Carreta",
    "La Choza",
    "La Colina",
    "La Constancia",
    "La Cumbre",
    "La Delfina",
    "La Emilia",
    "La Gruta",
    "La Invencible",
    "La Larga",
    "La Limpia",
    "La Lonja",
    "La Lucila",
    "La Luisa",
    "La Matanza",
    "La Pala",
    "La Plata",
    "La Reja",
    "La Rica",
    "La Sofía",
    "La Tablada",
    "La Trinidad",
    "La Unión",
    "La Violeta",
    "Labardén",
    "Laguna Alsina",
    "Laguna de Lobos",
    "Lanús",
    "Lanús Este",
    "Lanús Oeste",
    "Laplacette",
    "Laprida",
    "Lartigau",
    "Las Armas",
    "Las Bahamas",
    "Las Carabelas",
    "Las Flores",
    "Las Marianas",
    "Las Martinetas",
    "Las Toninas",
    "Las Toscas",
    "Leandro N. Alem",
    "Lezica y Torrezuri",
    "Libertad",
    "Licenciado Matienzo",
    "Lima",
    "Lin Calel",
    "Lincoln",
    "Lisandro Olmos",
    "Llavallol",
    "Lobería",
    "Lobos",
    "Loma Hermosa",
    "Loma Verde",
    "Lomas de Zamora",
    "Lomas del Mirador",
    "Longchamps",
    "Los Angeles",
    "Los Cachorros",
    "Los Cardales",
    "Los Hornos",
    "Los Indios",
    "Los Naranjos",
    "Los Pinos",
    "Los Polvorines",
    "Los Talas",
    "Los Toldos",
    "Lucas Monteverde",
    "Lucila del Mar",
    "Luis Guillón",
    "Luján",
    "Líbano",
    "López",
    "López Lecube",
    "Magdala",
    "Magdalena",
    "Maipú",
    "Malvinas Argentinas",
    "Manuel B. Gonnet",
    "Manuel J. Cobo",
    "Manuel Ocampo",
    "Manzanares",
    "Manzone",
    "Maquinista F. Savio Este",
    "Maquinista F. Savio Oeste",
    "Mar Azul",
    "Mar Chiquita",
    "Mar de Ajó",
    "Mar de Ajó - San Bernardo",
    "Mar de Ajó Norte",
    "Mar de Cobo",
    "Mar de las Pampas",
    "Mar del Plata",
    "Mar del Sur",
    "Mar del Tuyú",
    "Marcelino Ugarte",
    "Marcos Paz",
    "Mariano Acosta",
    "Mariano Benítez",
    "Mariano H. Alfonzo",
    "Marisol",
    "Martín Coronado",
    "Martínez",
    "María Ignacia",
    "Massey",
    "Matheu",
    "Mauricio Hirsch",
    "Mayor Buratovich",
    "Maza",
    "Mechita",
    "Mechongué",
    "Mercedes",
    "Merlo",
    "Micaela Cascallares",
    "Ministro Rivadavia",
    "Mira Pampa",
    "Miramar",
    "Moctezuma",
    "Mones Cazón",
    "Monte Chingolo",
    "Monte Grande",
    "Monte Hermoso",
    "Moquehuá",
    "Morea",
    "Moreno",
    "Morón",
    "Munro",
    "Muñiz",
    "Médanos",
    "Napaleofú",
    "Navarro",
    "Necochea",
    "Necochea - Quequén",
    "Nicanor Olivera",
    "Norberto de la Riestra",
    "Norumbega",
    "Nueva Plata",
    "O'Higgins",
    "Obligado",
    "Ochandío",
    "Olascoaga",
    "Olavarría",
    "Oliden",
    "Olivera",
    "Olivos",
    "Open Door",
    "Ordoqui",
    "Orense",
    "Oriente",
    "Ostende",
    "Pablo Podestá",
    "Parada Orlando",
    "Parada Robles",
    "Parada Robles - Pavón",
    "Pardo",
    "Pasman",
    "Paso del Rey",
    "Pasteur",
    "Patricios",
    "Paula",
    "Pavón",
    "Pearson",
    "Pedernales",
    "Pedro Luro",
    "Pehuajó",
    "Pellegrini",
    "Pereyra",
    "Pergamino",
    "Pichincha",
    "Piedritas",
    "Pieres",
    "Pigüé",
    "Pila",
    "Pilar",
    "Pinamar",
    "Pinzón",
    "Pipinas",
    "Pirovano",
    "Piñeyro",
    "Pla",
    "Playa Dorada",
    "Plomer",
    "Plátanos",
    "Polvaredas",
    "Pontaut",
    "Pontevedra",
    "Porvenir",
    "Presidente Derqui",
    "Presidente Perón",
    "Pueblo Doyle",
    "Pueblo Gouin",
    "Pueblo Nuevo",
    "Pueblo San Jorge",
    "Punta Alta",
    "Punta Indio",
    "Punta Lara",
    "Punta Mogotes",
    "Puán",
    "Pérez Millán",
    "Quenumá",
    "Quequén",
    "Quilmes",
    "Quilmes Oeste",
    "Rafael Calzada",
    "Rafael Castillo",
    "Rafael Obligado",
    "Ramallo",
    "Ramos Mejía",
    "Ramos Otero",
    "Ramón Biaus",
    "Ramón Santamarina",
    "Rancagua",
    "Ranchos",
    "Ranelagh",
    "Rauch",
    "Rawson",
    "Recalde",
    "Remedios de Escalada",
    "Remedios de Escalada de San Martín",
    "Reta",
    "Ricardo Rojas",
    "Rincón de Milberg",
    "Ringuelet",
    "Rivera",
    "Roberto Cano",
    "Roberto J. Payró",
    "Roberto de Vicenzo",
    "Roberts",
    "Rojas",
    "Roosevelt",
    "Roque Pérez",
    "Rufino de Elizalde",
    "Río Tala",
    "Saavedra",
    "Saforcada",
    "Salazar",
    "Salliqueló",
    "Salto",
    "Salvador María",
    "Samborombón",
    "San Agustín",
    "San Andrés de Giles",
    "San Antonio de Areco",
    "San Antonio de Padua",
    "San Bernardo",
    "San Carlos de Bolívar",
    "San Cayetano",
    "San Clemente del Tuyú",
    "San Emilio",
    "San Enrique",
    "San Esteban",
    "San Fernando",
    "San Francisco Solano",
    "San Francisco de Bellocq",
    "San Germán",
    "San Isidro",
    "San José",
    "San Juan Bautista",
    "San Justo",
    "San Manuel",
    "San Mauricio",
    "San Mayol",
    "San Miguel",
    "San Miguel del Monte",
    "San Nicolás de los Arroyos",
    "San Pedro",
    "San Román",
    "San Sebastián",
    "San Vicente",
    "Sansinena",
    "Santa Clara del Mar",
    "Santa Coloma",
    "Santa Elena",
    "Santa Eleodora",
    "Santa Lucía",
    "Santa Luisa",
    "Santa María",
    "Santa Regina",
    "Santa Rosa",
    "Santa Teresa",
    "Santa Teresita",
    "Santa Teresita - Mar del Tuyú",
    "Santa Trinidad",
    "Santo Domingo",
    "Santos Lugares",
    "Sarandí",
    "Sarasa",
    "Sevigne",
    "Sierra Chica",
    "Sierra de los Padres",
    "Sierras Bayas",
    "Smith",
    "Sol de Mayo",
    "Solanet",
    "Solís",
    "Stroeder",
    "Suipacha",
    "Sundblad",
    "Sáenz Peña",
    "Tamangueyú",
    "Tandil",
    "Tapalqué",
    "Tapiales",
    "Tedín Uriburu",
    "Temperley",
    "Teniente Origone",
    "Tigre",
    "Timote",
    "Todd",
    "Tolosa",
    "Tornquist",
    "Torres",
    "Tortuguitas",
    "Transradio",
    "Trenque Lauquen",
    "Tres Algarrobos",
    "Tres Arroyos",
    "Tres Lomas",
    "Tres Picos",
    "Tres Sargentos",
    "Tres de Febrero",
    "Tristán Suárez",
    "Triunvirato",
    "Troncos del Talar",
    "Trongé",
    "Trujui",
    "Turdera",
    "Udaquiola",
    "Urdampilleta",
    "Uribelarrea",
    "Va.Marqués Alejandro María de Aguado",
    "Va.María Irene de los Remedios Escalada",
    "Valdés",
    "Valentín Alsina",
    "Valeria del Mar",
    "Vedia",
    "Velloso",
    "Verónica",
    "Vicente Casares",
    "Vicente López",
    "Victoria",
    "Vieytes",
    "Villa Adelina",
    "Villa Alfredo Fortabat",
    "Villa Alsina",
    "Villa Angélica",
    "Villa Argüello",
    "Villa Arrieta",
    "Villa Astolfi",
    "Villa Ayacucho",
    "Villa Ballester",
    "Villa Bernardo Monteagudo",
    "Villa Bordeau",
    "Villa Bosch",
    "Villa Brown",
    "Villa Cacique",
    "Villa Campi",
    "Villa Canto",
    "Villa Castelar",
    "Villa Catela",
    "Villa Centenario",
    "Villa Chacabuco",
    "Villa Coronel José M. Zapiola",
    "Villa Dolores",
    "Villa Domínico",
    "Villa Eduardo Madero",
    "Villa Elisa",
    "Villa Elvira",
    "Villa España",
    "Villa Esperanza",
    "Villa Espil",
    "Villa Espora",
    "Villa Fiorito",
    "Villa Flandria Norte",
    "Villa Flandria Sur",
    "Villa Fournier",
    "Villa Francia",
    "Villa Garibaldi",
    "Villa General Antonio J. de Sucre",
    "Villa General Arias",
    "Villa General Eugenio Necochea",
    "Villa General José Tomás Guido",
    "Villa General Juan G. Las Heras",
    "Villa General Savio",
    "Villa Gesell",
    "Villa Gobernador Udadondo",
    "Villa Godoy Cruz",
    "Villa Granaderos de San Martín",
    "Villa Gregoria Matorras",
    "Villa Grisolía",
    "Villa Independencia",
    "Villa Iris",
    "Villa José León Suárez",
    "Villa Juan Martín de Pueyrredón",
    "Villa La Arcadia",
    "Villa La Florida",
    "Villa La Serranía",
    "Villa Laguna La Brava",
    "Villa Libertad",
    "Villa Luzuriaga",
    "Villa Lynch",
    "Villa Lynch Pueyrredón",
    "Villa Lía",
    "Villa Maipú",
    "Villa Manuel Pomar",
    "Villa Margarita",
    "Villa Martelli",
    "Villa María",
    "Villa Moll",
    "Villa Montoro",
    "Villa Nueva",
    "Villa Ortiz",
    "Villa Parque Cecir",
    "Villa Parque Girado",
    "Villa Parque Presidente Figueroa Alcorta",
    "Villa Parque San Lorenzo",
    "Villa Parque Sicardi",
    "Villa Porteña",
    "Villa Progreso",
    "Villa Raffo",
    "Villa Ramallo",
    "Villa Riccio",
    "Villa Rodríguez",
    "Villa Rosa",
    "Villa Roth",
    "Villa Ruiz",
    "Villa Saboya",
    "Villa San Andrés",
    "Villa San Carlos",
    "Villa San José",
    "Villa San Luis",
    "Villa Santa Rosa",
    "Villa Santos Tesei",
    "Villa Sarmiento",
    "Villa Sauze",
    "Villa Vatteone",
    "Villa Ventana",
    "Villa Yapeyú",
    "Villa Zula",
    "Villa de Mayo",
    "Villa del Mar",
    "Villalonga",
    "Villanueva",
    "Virrey del Pino",
    "Virreyes",
    "Vivoratá",
    "Viña",
    "Vásquez",
    "Warnes",
    "Wilde",
    "William C. Morris",
    "Zavalía",
    "Zelaya",
    "Zenón Videla Dorna",
    "Zárate",
    "Álvarez de Toledo",
    "Ángel Etcheverry",
    "Área Reserva Cinturón Ecológico",
    "Área de Promoción El Triángulo"
  ]
}