{
  "provincia": "Córdoba",
  "total_localidades": 497,
  "localidades": [
    "1° de Agosto",
    "Achiras",
    "Adelia María",
    "Agua de Oro",
    "Alcira Gigena",
    "Aldea Santa María",
    "Alejandro Roca",
    "Alejo Ledesma",
    "Alicia",
    "Allmirante Brown",
    "Almafuerte",
    "Alpa Corral",
    "Alta Gracia",
    "Alto Alegre",
    "Alto Resbaloso - El Barrial",
    "Alto de los Quebrachos",
    "Altos de Chipión",
    "Amboy",
    "Ambul",
    "Ana Zumarán",
    "Anisacate",
    "Arias",
    "Arroyito",
    "Arroyo Algodón",
    "Arroyo Cabral",
    "Arroyo Los Patos",
    "Arroyo San Antonio",
    "Ascochinga",
    "Assunta",
    "Atahona",
    "Ausonia",
    "Avellaneda",
    "Ballesteros",
    "Ballesteros Sud",
    "Balnearia",
    "Barrio Gilbert",
    "Barrio Gilbert (1º de Mayo) - Tejas Tres",
    "Barrio Villa del Parque",
    "Bañado de Soto",
    "Bell Ville",
    "Bengolea",
    "Benjamín Gould",
    "Berrotarán",
    "Bialet Massé",
    "Bouwer",
    "Brinkmann",
    "Bulnes",
    "Cabalango",
    "Calchín",
    "Calchín Oeste",
    "Camilo Aldao",
    "Caminiaga",
    "Canals",
    "Candelaria Sur",
    "Capilla de Sitón",
    "Capilla de los Remedios",
    "Capilla del Carmen",
    "Capilla del Monte",
    "Capitán General Bernardo O'Higgins",
    "Carnerillo",
    "Carrilobo",
    "Casa Grande",
    "Caseros Centro",
    "Cavanagh",
    "Cañada de Luque",
    "Cañada de Machado",
    "Cañada de Río Pinto",
    "Cañada del Sauce",
    "Cerro Colorado",
    "Chaján",
    "Chalacea",
    "Chancani",
    "Charbonier",
    "Charras",
    "Chazón",
    "Chañar Viejo",
    "Chilibroste",
    "Chucul",
    "Churqui Cañada",
    "Chuña",
    "Chuña Huasi",
    "Cintra",
    "Ciudad de los Niños",
    "Ciénaga del Coro",
    "Colazo",
    "Colonia 10 de Julio",
    "Colonia Almada",
    "Colonia Anita",
    "Colonia Barge",
    "Colonia Bismarck",
    "Colonia Bremen",
    "Colonia Caroya",
    "Colonia Italiana",
    "Colonia Iturraspe",
    "Colonia Las Cuatro Esquinas",
    "Colonia Las Pichanas",
    "Colonia Marina",
    "Colonia Prosperidad",
    "Colonia San Bartolomé",
    "Colonia San Pedro",
    "Colonia Santa María",
    "Colonia Tirolesa",
    "Colonia Valtelina",
    "Colonia Veinticinco",
    "Colonia Vicente Agüero",
    "Colonia Videla",
    "Colonia Vignaud",
    "Conlara",
    "Copacabana",
    "Coronel Baigorria",
    "Coronel Moldes",
    "Corral de Bustos",
    "Corralito",
    "Cosquín",
    "Costasacate",
    "Cruz Alta",
    "Cruz de Caña",
    "Cruz del Eje",
    "Cuesta Blanca",
    "Córdoba",
    "Dalmacio Vélez",
    "Del Campillo",
    "Despeñaderos",
    "Devoto",
    "Deán Funes",
    "Diego de Rojas",
    "Dique Chico",
    "Dumesnil",
    "El Alcalde",
    "El Arañado",
    "El Brete",
    "El Chacho",
    "El Corcovado - El Torreón",
    "El Crispín",
    "El Diquecito",
    "El Durazno",
    "El Fortín",
    "El Fuertecito",
    "El Manzano",
    "El Pueblito",
    "El Rastreador",
    "El Rodeo",
    "El Tuscal",
    "El Tío",
    "El Valle",
    "Elena",
    "Embalse",
    "Esquina",
    "Estación Lecueder",
    "Estación Luxardo",
    "Estancia Vieja",
    "Estancia de Guadalupe",
    "Etruria",
    "Eufrasio Loza",
    "Falda del Carmen",
    "Falda del Cañete",
    "Freyre",
    "General Baldissera",
    "General Cabrera",
    "General Deheza",
    "General Fotheringham",
    "General Levalle",
    "General Paz",
    "General Roca",
    "Guanaco Muerto",
    "Guasapampa",
    "Guatimozín",
    "Guiñazú Norte",
    "Gutemberg",
    "Hernando",
    "Hipólito Bouchard",
    "Huanchillas",
    "Huerta Grande",
    "Huinca Renancó",
    "Idiazabal",
    "Impira",
    "Inriville",
    "Isla Verde",
    "Italó",
    "James Craik",
    "Jardín Arenales",
    "Jesús María",
    "José de la Quintana",
    "Justiniano Posse",
    "Juárez Celman",
    "Kilómetro 658",
    "La Batea",
    "La Boca del Río",
    "La Calera",
    "La Carlota",
    "La Carolina",
    "La Cautiva",
    "La Cesira",
    "La Cruz",
    "La Cumbre",
    "La Cumbrecita",
    "La Donosa",
    "La Falda",
    "La Floresta",
    "La Francia",
    "La Gilda",
    "La Granja",
    "La Higuera",
    "La Laguna",
    "La Paisanita",
    "La Palestina",
    "La Pampa",
    "La Paquita",
    "La Para",
    "La Paz",
    "La Playa",
    "La Playosa",
    "La Población",
    "La Posta",
    "La Puerta",
    "La Quinta",
    "La Rancherita y Las Cascadas",
    "La Rinconada",
    "La Serranita",
    "La Tordilla",
    "La Travesía",
    "Laborde",
    "Laboulaye",
    "Laguna Larga",
    "Las Acequias",
    "Las Albahacas",
    "Las Arrias",
    "Las Bajadas",
    "Las Caleras",
    "Las Calles",
    "Las Cañadas",
    "Las Chacras",
    "Las Gramillas",
    "Las Higueras",
    "Las Isletillas",
    "Las Jarillas",
    "Las Junturas",
    "Las Mojarras",
    "Las Palmas",
    "Las Perdices",
    "Las Peñas",
    "Las Playas",
    "Las Quintas",
    "Las Rabonas",
    "Las Saladas",
    "Las Tapias",
    "Las Varas",
    "Las Varillas",
    "Las Vertientes",
    "Leguizamón",
    "Leones",
    "Los Cedros",
    "Los Cerrillos",
    "Los Chañaritos",
    "Los Cisnes",
    "Los Cocos",
    "Los Cóndores",
    "Los Hornillos",
    "Los Hoyos",
    "Los Mistoles",
    "Los Molinos",
    "Los Pozos",
    "Los Reartes",
    "Los Surgentes",
    "Los Talares",
    "Los Zorros",
    "Lozada",
    "Luca",
    "Lucio V. Mansilla",
    "Luque",
    "Lutti",
    "Luyaba",
    "Malagueño",
    "Malena",
    "Mallín",
    "Malvinas Argentinas",
    "Manfredi",
    "Maquinista Gallini",
    "Marcos Juárez",
    "Marull",
    "Matorrales",
    "Mattaldi",
    "Mayu Sumaj",
    "Media Naranja",
    "Melo",
    "Mendiolaza",
    "Mi Granja",
    "Mi Valle",
    "Mina Clavero",
    "Miramar",
    "Monte Buey",
    "Monte Leña",
    "Monte Maíz",
    "Monte Ralo",
    "Monte de los Gauchos",
    "Monte del Rosario",
    "Montecristo",
    "Morrison",
    "Morteros",
    "Mussi",
    "Nicolás Bruzzone",
    "Noetinger",
    "Nono",
    "Obispo Trejo",
    "Olaeta",
    "Oliva",
    "Olivares de San Nicolás",
    "Onagoity",
    "Oncativo",
    "Ordoñez",
    "Pacheco de Melo",
    "Pampayasta Norte",
    "Pampayasta Sud",
    "Panaholma",
    "Parque Calmayo",
    "Parque Norte",
    "Parque Norte - Ciudad de los Niños - Guiñazú Norte",
    "Pascanas",
    "Pasco",
    "Paso Viejo",
    "Paso del Durazno",
    "Pilar",
    "Pincén",
    "Piquillín",
    "Plaza Luxardo",
    "Plaza San Francisco",
    "Plaza de Mercedes",
    "Porteña",
    "Potrero de Garay",
    "Pozo Nuevo",
    "Pozo del Molle",
    "Pueblo Comechingones",
    "Pueblo Italiano",
    "Puesto de Castro",
    "Punta del Agua",
    "Quebracho Herrado",
    "Quilino",
    "Rafael García",
    "Ramón J. Cárcano",
    "Ranqueles",
    "Rayo Cortado",
    "Rincón",
    "Rosales",
    "Rosario del Saladillo",
    "Río Bamba",
    "Río Ceballos",
    "Río Cuarto",
    "Río Primero",
    "Río Segundo",
    "Río Tercero",
    "Río de los Sauces",
    "Sacanta",
    "Sagrada Familia",
    "Saira",
    "Saladillo",
    "Saldán",
    "Salsacate",
    "Salsipuedes",
    "Sampacho",
    "San Agustín",
    "San Antonio de Arredondo",
    "San Antonio de Litín",
    "San Basilio",
    "San Carlos Minas",
    "San Clemente",
    "San Esteban",
    "San Francisco",
    "San Francisco del Chañar",
    "San Gerónimo",
    "San Ignacio (Loteo San Javier)",
    "San Ignacio (Loteo Vélez Crespo)",
    "San Javier y Yacanto",
    "San Joaquín",
    "San José",
    "San José de la Dormida",
    "San José de las Salinas",
    "San Lorenzo",
    "San Marcos",
    "San Marcos Sierra",
    "San Martín",
    "San Pedro",
    "San Pedro Norte",
    "San Pedro de Gütemberg",
    "San Pedro de Toyos",
    "San Roque",
    "San Roque del Lago",
    "San Severo",
    "San Vicente",
    "Sanabria",
    "Santa Catalina",
    "Santa Catalina Holmberg",
    "Santa Elena",
    "Santa Eufemia",
    "Santa Magdalena",
    "Santa María de Punilla",
    "Santa Mónica",
    "Santa Rosa de Calamuchita",
    "Santa Rosa de Río Primero",
    "Santiago Temple",
    "Sarmiento",
    "Saturnino María Laspiur",
    "Sauce Arriba",
    "Sebastián Elcano",
    "Seeber",
    "Segunda Usina",
    "Serrano",
    "Serrezuela",
    "Silvio Pellico",
    "Simbolar",
    "Sinsacate",
    "Socavones",
    "Solar de los Molinos",
    "Suco",
    "Tala Cañada",
    "Tala Huasi",
    "Talaini",
    "Tancacha",
    "Tanti",
    "Tejas Tres",
    "Ticino",
    "Tinoco",
    "Toledo",
    "Toro Pujio",
    "Tosno",
    "Tosquitas",
    "Tránsito",
    "Tuclame",
    "Tío Pujio",
    "Ucacha",
    "Unquillo",
    "Va.Ciudad Pque.Los Reartes (1° Sección)",
    "Va.Ciudad Pque.Los Reartes (3° Sección)",
    "Valle Hermoso",
    "Valle de Anisacate",
    "Viamonte",
    "Vicuña Mackenna",
    "Villa Allende",
    "Villa Alpina",
    "Villa Amancay",
    "Villa Ascasubi",
    "Villa Berna",
    "Villa Candelaria",
    "Villa Carlos Paz",
    "Villa Cerro Azul",
    "Villa Ciudad Parque Los Reartes",
    "Villa Ciudad de América",
    "Villa Concepción del Tío",
    "Villa Corazón de María",
    "Villa Cura Brochero",
    "Villa Dolores",
    "Villa El Chacay",
    "Villa El Tala",
    "Villa Elisa",
    "Villa Flor Serrana",
    "Villa Fontana",
    "Villa General Belgrano",
    "Villa Giardino",
    "Villa Gutiérrez",
    "Villa Huidobro",
    "Villa La Bolsa",
    "Villa La Rivera",
    "Villa La Viña",
    "Villa Lago Azul",
    "Villa Los Aromos",
    "Villa Los Llanos",
    "Villa Los Llanos - Juárez Celman",
    "Villa Los Patos",
    "Villa María",
    "Villa Nueva",
    "Villa Oeste",
    "Villa Parque Santa Ana",
    "Villa Parque Siquimán",
    "Villa Pastora",
    "Villa Quillinzo",
    "Villa Reducción",
    "Villa Rossi",
    "Villa Rumipal",
    "Villa Río Icho Cruz",
    "Villa San Esteban",
    "Villa San Isidro",
    "Villa San Miguel",
    "Villa Santa Cruz del Lago",
    "Villa Sarmiento",
    "Villa Tulumba",
    "Villa Valeria",
    "Villa Yacanto",
    "Villa de María",
    "Villa de Pocho",
    "Villa de Soto",
    "Villa de las Rosas",
    "Villa del Dique",
    "Villa del Prado",
    "Villa del Rosario",
    "Villa del Totoral",
    "Villa del Tránsito",
    "Washington",
    "Wenceslao Escalante"
  ]
}